Data,Sigla,Valor_de_Fechamento
2018-11-12,ABEV3,15.95
2018-11-12,BBAS3,42.18
2018-11-12,BBDC3,31.85
2018-11-12,BBDC4,35.65
2018-11-12,BBSE3,26.47
2018-11-12,BRAP4,33.67
2018-11-12,BRFS3,19.96
2018-11-12,BRKM5,51.46
2018-11-12,BRML3,11.56
2018-11-12,BTOW3,33.13
2018-11-12,CCRO3,10.23
2018-11-12,CIEL3,10.53
2018-11-12,CMIG4,11.42
2018-11-12,CPLE6,27.67
2018-11-12,CSAN3,33.51
2018-11-12,CSNA3,9.34
2018-11-12,CVCB3,56.2
2018-11-12,CYRE3,13.06
2018-11-12,ECOR3,8.61
2018-11-12,EGIE3,33.12
2018-11-12,ELET3,23.64
2018-11-12,ELET6,26.34
2018-11-12,EMBR3,20.38
2018-11-12,ENBR3,13.75
2018-11-12,EQTL3,68.21
2018-11-12,ESTC3,21.68
2018-11-12,FIBR3,69.51
2018-11-12,FLRY3,20.59
2018-11-12,GGBR4,15.44
2018-11-12,GOAU4,7.71
2018-11-12,GOLL4,19.6
2018-11-12,HYPE3,29.6
2018-11-12,IGTA3,36.65
2018-11-12,ITSA4,11.44
2018-11-12,ITUB4,33.9467
2018-11-12,JBSS3,9.96
2018-11-12,KROT3,10.61
2018-11-12,LAME4,17.29
2018-11-12,LREN3,36.35
2018-11-12,MGLU3,153.54
2018-11-12,MRFG3,6.31
2018-11-12,MRVE3,12.04
2018-11-12,MULT3,22.1
2018-11-12,NATU3,35.48
2018-11-12,PCAR4,79.71
2018-11-12,PETR3,27.99
2018-11-12,PETR4,25.33
2018-11-12,QUAL3,14.18
2018-11-12,RADL3,65.54
2018-11-12,RAIL3,16.35
2018-11-12,RENT3,27.23
2018-11-12,SBSP3,27.69
2018-11-12,SMLS3,37.0
2018-11-12,SUZB3,34.2
2018-11-12,TIMP3,11.87
2018-11-12,UGPA3,40.41
2018-11-12,USIM5,9.7
2018-11-12,VALE3,54.85
2018-11-12,VIVT4,43.57
2018-11-12,VVAR3,5.38
2018-11-12,WEGE3,18.45
2018-11-13,ABEV3,15.76
2018-11-13,BBAS3,41.7
2018-11-13,BBDC3,31.18
2018-11-13,BBDC4,35.01
2018-11-13,BBSE3,26.43
2018-11-13,BRAP4,34.31
2018-11-13,BRFS3,19.77
2018-11-13,BRKM5,49.95
2018-11-13,BRML3,11.41
2018-11-13,BTOW3,33.1
2018-11-13,CCRO3,10.2
2018-11-13,CIEL3,10.37
2018-11-13,CMIG4,11.34
2018-11-13,CPLE6,27.82
2018-11-13,CSAN3,32.57
2018-11-13,CSNA3,9.23
2018-11-13,CVCB3,56.4
2018-11-13,CYRE3,13.05
2018-11-13,ECOR3,8.48
2018-11-13,EGIE3,32.088
2018-11-13,ELET3,23.15
2018-11-13,ELET6,25.97
2018-11-13,EMBR3,20.4
2018-11-13,ENBR3,14.16
2018-11-13,EQTL3,68.55
2018-11-13,ESTC3,22.02
2018-11-13,FIBR3,70.79
2018-11-13,FLRY3,20.48
2018-11-13,GGBR4,15.29
2018-11-13,GOAU4,7.59
2018-11-13,GOLL4,19.55
2018-11-13,HYPE3,29.45
2018-11-13,IGTA3,37.0
2018-11-13,ITSA4,11.36
2018-11-13,ITUB4,33.82
2018-11-13,JBSS3,9.85
2018-11-13,KROT3,10.28
2018-11-13,LAME4,17.57
2018-11-13,LREN3,37.3
2018-11-13,MGLU3,153.41
2018-11-13,MRFG3,6.18
2018-11-13,MRVE3,11.84
2018-11-13,MULT3,22.17
2018-11-13,NATU3,35.97
2018-11-13,PCAR4,79.21
2018-11-13,PETR3,26.7
2018-11-13,PETR4,24.24
2018-11-13,QUAL3,13.92
2018-11-13,RADL3,66.9
2018-11-13,RAIL3,16.51
2018-11-13,RENT3,26.81
2018-11-13,SBSP3,27.48
2018-11-13,SMLS3,36.7
2018-11-13,SUZB3,36.31
2018-11-13,TIMP3,11.33
2018-11-13,UGPA3,39.5
2018-11-13,USIM5,9.41
2018-11-13,VALE3,56.27
2018-11-13,VIVT4,44.33
2018-11-13,VVAR3,5.4
2018-11-13,WEGE3,18.13
2018-11-14,ABEV3,16.03
2018-11-14,BBAS3,41.77
2018-11-14,BBDC3,31.5
2018-11-14,BBDC4,35.5
2018-11-14,BBSE3,26.92
2018-11-14,BRAP4,33.96
2018-11-14,BRFS3,20.09
2018-11-14,BRKM5,49.7
2018-11-14,BRML3,12.1
2018-11-14,BTOW3,34.3
2018-11-14,CCRO3,10.37
2018-11-14,CIEL3,9.83
2018-11-14,CMIG4,11.42
2018-11-14,CPLE6,28.1
2018-11-14,CSAN3,33.42
2018-11-14,CSNA3,9.22
2018-11-14,CVCB3,56.05
2018-11-14,CYRE3,13.74
2018-11-14,ECOR3,8.47
2018-11-14,EGIE3,32.744
2018-11-14,ELET3,23.01
2018-11-14,ELET6,26.15
2018-11-14,EMBR3,20.57
2018-11-14,ENBR3,13.48
2018-11-14,EQTL3,69.98
2018-11-14,ESTC3,23.04
2018-11-14,FIBR3,72.2
2018-11-14,FLRY3,20.75
2018-11-14,GGBR4,15.15
2018-11-14,GOAU4,7.47
2018-11-14,GOLL4,20.15
2018-11-14,HYPE3,29.56
2018-11-14,IGTA3,38.49
2018-11-14,ITSA4,11.55
2018-11-14,ITUB4,34.1133
2018-11-14,JBSS3,11.4
2018-11-14,KROT3,10.95
2018-11-14,LAME4,17.85
2018-11-14,LREN3,37.91
2018-11-14,MGLU3,155.5
2018-11-14,MRFG3,6.26
2018-11-14,MRVE3,11.91
2018-11-14,MULT3,22.55
2018-11-14,NATU3,36.5
2018-11-14,PCAR4,79.73
2018-11-14,PETR3,27.19
2018-11-14,PETR4,25.1
2018-11-14,QUAL3,13.77
2018-11-14,RADL3,66.6
2018-11-14,RAIL3,16.9
2018-11-14,RENT3,26.83
2018-11-14,SBSP3,27.64
2018-11-14,SMLS3,36.8
2018-11-14,SUZB3,39.15
2018-11-14,TIMP3,11.82
2018-11-14,UGPA3,41.39
2018-11-14,USIM5,9.15
2018-11-14,VALE3,55.16
2018-11-14,VIVT4,44.73
2018-11-14,VVAR3,5.33
2018-11-14,WEGE3,18.42
2018-11-16,ABEV3,16.5
2018-11-16,BBAS3,43.09
2018-11-16,BBDC3,33.25
2018-11-16,BBDC4,37.22
2018-11-16,BBSE3,27.43
2018-11-16,BRAP4,34.85
2018-11-16,BRFS3,20.3
2018-11-16,BRKM5,53.41
2018-11-16,BRML3,12.52
2018-11-16,BTOW3,34.8
2018-11-16,CCRO3,10.88
2018-11-16,CIEL3,9.75
2018-11-16,CMIG4,11.77
2018-11-16,CPLE6,28.68
2018-11-16,CSAN3,34.41
2018-11-16,CSNA3,9.65
2018-11-16,CVCB3,58.01
2018-11-16,CYRE3,14.35
2018-11-16,ECOR3,8.92
2018-11-16,EGIE3,33.408
2018-11-16,ELET3,25.0
2018-11-16,ELET6,28.02
2018-11-16,EMBR3,20.61
2018-11-16,ENBR3,13.76
2018-11-16,EQTL3,71.55
2018-11-16,ESTC3,23.37
2018-11-16,FIBR3,71.84
2018-11-16,FLRY3,20.8
2018-11-16,GGBR4,16.23
2018-11-16,GOAU4,7.9
2018-11-16,GOLL4,20.21
2018-11-16,HYPE3,30.03
2018-11-16,IGTA3,39.42
2018-11-16,ITSA4,11.99
2018-11-16,ITUB4,35.1667
2018-11-16,JBSS3,11.22
2018-11-16,KROT3,11.16
2018-11-16,LAME4,18.04
2018-11-16,LREN3,39.22
2018-11-16,MGLU3,156.5
2018-11-16,MRFG3,6.33
2018-11-16,MRVE3,12.4
2018-11-16,MULT3,23.09
2018-11-16,NATU3,36.88
2018-11-16,PCAR4,83.0
2018-11-16,PETR3,28.05
2018-11-16,PETR4,25.8
2018-11-16,QUAL3,14.3
2018-11-16,RADL3,66.25
2018-11-16,RAIL3,17.56
2018-11-16,RENT3,27.74
2018-11-16,SBSP3,27.96
2018-11-16,SMLS3,38.0
2018-11-16,SUZB3,38.6
2018-11-16,TIMP3,11.85
2018-11-16,UGPA3,43.7
2018-11-16,USIM5,9.79
2018-11-16,VALE3,56.15
2018-11-16,VIVT4,45.9
2018-11-16,VVAR3,5.27
2018-11-16,WEGE3,18.55
2018-11-19,ABEV3,16.46
2018-11-19,BBAS3,44.1
2018-11-19,BBDC3,32.87
2018-11-19,BBDC4,37.06
2018-11-19,BBSE3,26.64
2018-11-19,BRAP4,34.43
2018-11-19,BRFS3,20.16
2018-11-19,BRKM5,53.65
2018-11-19,BRML3,12.25
2018-11-19,BTOW3,35.3
2018-11-19,CCRO3,10.67
2018-11-19,CIEL3,9.26
2018-11-19,CMIG4,11.65
2018-11-19,CPLE6,28.51
2018-11-19,CSAN3,33.67
2018-11-19,CSNA3,9.43
2018-11-19,CVCB3,57.23
2018-11-19,CYRE3,14.2
2018-11-19,ECOR3,8.76
2018-11-19,EGIE3,33.52
2018-11-19,ELET3,24.5
2018-11-19,ELET6,27.77
2018-11-19,EMBR3,20.2
2018-11-19,ENBR3,13.8
2018-11-19,EQTL3,71.0
2018-11-19,ESTC3,23.34
2018-11-19,FIBR3,71.04
2018-11-19,FLRY3,20.6
2018-11-19,GGBR4,16.15
2018-11-19,GOAU4,7.68
2018-11-19,GOLL4,20.14
2018-11-19,HYPE3,29.75
2018-11-19,IGTA3,38.91
2018-11-19,ITSA4,12.07
2018-11-19,ITUB4,35.1467
2018-11-19,JBSS3,10.85
2018-11-19,KROT3,10.83
2018-11-19,LAME4,17.79
2018-11-19,LREN3,39.62
2018-11-19,MGLU3,156.15
2018-11-19,MRFG3,6.23
2018-11-19,MRVE3,12.28
2018-11-19,MULT3,22.57
2018-11-19,NATU3,37.33
2018-11-19,PCAR4,80.71
2018-11-19,PETR3,28.03
2018-11-19,PETR4,26.0
2018-11-19,QUAL3,14.3
2018-11-19,RADL3,63.5
2018-11-19,RAIL3,17.39
2018-11-19,RENT3,28.37
2018-11-19,SBSP3,27.75
2018-11-19,SMLS3,39.25
2018-11-19,SUZB3,37.4
2018-11-19,TIMP3,11.69
2018-11-19,UGPA3,43.6
2018-11-19,USIM5,9.34
2018-11-19,VALE3,55.37
2018-11-19,VIVT4,45.0
2018-11-19,VVAR3,5.16
2018-11-19,WEGE3,18.2
2018-11-21,ABEV3,16.38
2018-11-21,BBAS3,44.0
2018-11-21,BBDC3,32.56
2018-11-21,BBDC4,36.65
2018-11-21,BBSE3,27.12
2018-11-21,BRAP4,33.75
2018-11-21,BRFS3,21.15
2018-11-21,BRKM5,54.8
2018-11-21,BRML3,12.2
2018-11-21,BTOW3,34.93
2018-11-21,CCRO3,10.89
2018-11-21,CIEL3,9.37
2018-11-21,CMIG4,11.59
2018-11-21,CPLE6,28.55
2018-11-21,CSAN3,33.66
2018-11-21,CSNA3,9.07
2018-11-21,CVCB3,56.91
2018-11-21,CYRE3,14.31
2018-11-21,ECOR3,8.85
2018-11-21,EGIE3,32.744
2018-11-21,ELET3,24.66
2018-11-21,ELET6,27.85
2018-11-21,EMBR3,20.83
2018-11-21,ENBR3,13.8
2018-11-21,EQTL3,71.51
2018-11-21,ESTC3,23.48
2018-11-21,FIBR3,70.71
2018-11-21,FLRY3,20.28
2018-11-21,GGBR4,15.35
2018-11-21,GOAU4,7.49
2018-11-21,GOLL4,21.02
2018-11-21,HYPE3,30.17
2018-11-21,IGTA3,38.98
2018-11-21,ITSA4,11.85
2018-11-21,ITUB4,34.69
2018-11-21,JBSS3,11.32
2018-11-21,KROT3,10.77
2018-11-21,LAME4,17.92
2018-11-21,LREN3,38.85
2018-11-21,MGLU3,155.24
2018-11-21,MRFG3,6.22
2018-11-21,MRVE3,12.28
2018-11-21,MULT3,22.88
2018-11-21,NATU3,38.32
2018-11-21,PCAR4,80.73
2018-11-21,PETR3,27.38
2018-11-21,PETR4,25.17
2018-11-21,QUAL3,14.03
2018-11-21,RADL3,63.1
2018-11-21,RAIL3,17.77
2018-11-21,RENT3,28.24
2018-11-21,SBSP3,27.65
2018-11-21,SMLS3,38.9
2018-11-21,SUZB3,36.15
2018-11-21,TIMP3,11.47
2018-11-21,UGPA3,45.53
2018-11-21,USIM5,9.21
2018-11-21,VALE3,54.53
2018-11-21,VIVT4,46.25
2018-11-21,VVAR3,5.08
2018-11-21,WEGE3,17.96
2018-11-22,ABEV3,16.5
2018-11-22,BBAS3,44.45
2018-11-22,BBDC3,32.63
2018-11-22,BBDC4,36.8
2018-11-22,BBSE3,26.83
2018-11-22,BRAP4,33.06
2018-11-22,BRFS3,22.5
2018-11-22,BRKM5,54.33
2018-11-22,BRML3,12.22
2018-11-22,BTOW3,36.08
2018-11-22,CCRO3,11.22
2018-11-22,CIEL3,9.27
2018-11-22,CMIG4,12.22
2018-11-22,CPLE6,29.11
2018-11-22,CSAN3,33.43
2018-11-22,CSNA3,8.95
2018-11-22,CVCB3,57.76
2018-11-22,CYRE3,14.34
2018-11-22,ECOR3,9.14
2018-11-22,EGIE3,32.92
2018-11-22,ELET3,24.68
2018-11-22,ELET6,27.82
2018-11-22,EMBR3,21.21
2018-11-22,ENBR3,13.5
2018-11-22,EQTL3,71.91
2018-11-22,ESTC3,23.36
2018-11-22,FIBR3,71.37
2018-11-22,FLRY3,20.23
2018-11-22,GGBR4,15.38
2018-11-22,GOAU4,7.35
2018-11-22,GOLL4,22.08
2018-11-22,HYPE3,30.56
2018-11-22,IGTA3,39.36
2018-11-22,ITSA4,11.84
2018-11-22,ITUB4,34.61
2018-11-22,JBSS3,11.15
2018-11-22,KROT3,10.86
2018-11-22,LAME4,18.13
2018-11-22,LREN3,38.8
2018-11-22,MGLU3,160.0
2018-11-22,MRFG3,6.38
2018-11-22,MRVE3,12.25
2018-11-22,MULT3,23.05
2018-11-22,NATU3,38.37
2018-11-22,PCAR4,81.39
2018-11-22,PETR3,27.33
2018-11-22,PETR4,25.15
2018-11-22,QUAL3,13.9
2018-11-22,RADL3,63.2
2018-11-22,RAIL3,17.74
2018-11-22,RENT3,27.83
2018-11-22,SBSP3,27.52
2018-11-22,SMLS3,39.36
2018-11-22,SUZB3,37.92
2018-11-22,TIMP3,11.38
2018-11-22,UGPA3,45.4
2018-11-22,USIM5,9.06
2018-11-22,VALE3,54.04
2018-11-22,VIVT4,45.75
2018-11-22,VVAR3,4.92
2018-11-22,WEGE3,17.62
2018-11-23,ABEV3,16.2
2018-11-23,BBAS3,44.8
2018-11-23,BBDC3,32.7
2018-11-23,BBDC4,36.72
2018-11-23,BBSE3,27.2
2018-11-23,BRAP4,31.17
2018-11-23,BRFS3,21.64
2018-11-23,BRKM5,54.11
2018-11-23,BRML3,12.3
2018-11-23,BTOW3,37.3
2018-11-23,CCRO3,11.43
2018-11-23,CIEL3,9.25
2018-11-23,CMIG4,12.3
2018-11-23,CPLE6,28.95
2018-11-23,CSAN3,33.1
2018-11-23,CSNA3,8.63
2018-11-23,CVCB3,58.15
2018-11-23,CYRE3,14.02
2018-11-23,ECOR3,9.17
2018-11-23,EGIE3,32.864
2018-11-23,ELET3,24.57
2018-11-23,ELET6,27.65
2018-11-23,EMBR3,20.87
2018-11-23,ENBR3,13.18
2018-11-23,EQTL3,72.48
2018-11-23,ESTC3,22.69
2018-11-23,FIBR3,71.3
2018-11-23,FLRY3,19.98
2018-11-23,GGBR4,14.92
2018-11-23,GOAU4,7.01
2018-11-23,GOLL4,21.9
2018-11-23,HYPE3,31.25
2018-11-23,IGTA3,39.2
2018-11-23,ITSA4,11.86
2018-11-23,ITUB4,34.57
2018-11-23,JBSS3,10.86
2018-11-23,KROT3,10.95
2018-11-23,LAME4,18.06
2018-11-23,LREN3,39.23
2018-11-23,MGLU3,162.35
2018-11-23,MRFG3,6.27
2018-11-23,MRVE3,12.04
2018-11-23,MULT3,23.06
2018-11-23,NATU3,38.42
2018-11-23,PCAR4,83.15
2018-11-23,PETR3,26.69
2018-11-23,PETR4,24.37
2018-11-23,QUAL3,13.54
2018-11-23,RADL3,62.71
2018-11-23,RAIL3,17.3
2018-11-23,RENT3,27.9
2018-11-23,SBSP3,27.67
2018-11-23,SMLS3,40.35
2018-11-23,SUZB3,37.15
2018-11-23,TIMP3,11.18
2018-11-23,UGPA3,45.6
2018-11-23,USIM5,8.62
2018-11-23,VALE3,50.35
2018-11-23,VIVT4,45.7
2018-11-23,VVAR3,4.95
2018-11-23,WEGE3,17.68
2018-11-26,ABEV3,16.15
2018-11-26,BBAS3,44.01
2018-11-26,BBDC3,32.0
2018-11-26,BBDC4,36.19
2018-11-26,BBSE3,27.0
2018-11-26,BRAP4,30.5
2018-11-26,BRFS3,21.8
2018-11-26,BRKM5,54.57
2018-11-26,BRML3,12.25
2018-11-26,BTOW3,37.6
2018-11-26,CCRO3,11.0
2018-11-26,CIEL3,8.75
2018-11-26,CMIG4,12.1
2018-11-26,CPLE6,29.7
2018-11-26,CSAN3,31.92
2018-11-26,CSNA3,8.45
2018-11-26,CVCB3,57.24
2018-11-26,CYRE3,13.85
2018-11-26,ECOR3,8.69
2018-11-26,EGIE3,33.28
2018-11-26,ELET3,24.72
2018-11-26,ELET6,27.63
2018-11-26,EMBR3,21.24
2018-11-26,ENBR3,13.16
2018-11-26,EQTL3,72.2
2018-11-26,ESTC3,22.95
2018-11-26,FIBR3,71.67
2018-11-26,FLRY3,19.96
2018-11-26,GGBR4,14.8
2018-11-26,GOAU4,6.86
2018-11-26,GOLL4,20.25
2018-11-26,HYPE3,31.11
2018-11-26,IGTA3,38.79
2018-11-26,ITSA4,11.64
2018-11-26,ITUB4,34.0
2018-11-26,JBSS3,11.12
2018-11-26,KROT3,10.61
2018-11-26,LAME4,17.88
2018-11-26,LREN3,38.03
2018-11-26,MGLU3,158.17
2018-11-26,MRFG3,6.08
2018-11-26,MRVE3,11.98
2018-11-26,MULT3,22.95
2018-11-26,NATU3,38.53
2018-11-26,PCAR4,85.0
2018-11-26,PETR3,27.1
2018-11-26,PETR4,24.25
2018-11-26,QUAL3,13.18
2018-11-26,RADL3,62.17
2018-11-26,RAIL3,16.94
2018-11-26,RENT3,27.59
2018-11-26,SBSP3,27.65
2018-11-26,SMLS3,39.65
2018-11-26,SUZB3,37.89
2018-11-26,TIMP3,11.38
2018-11-26,UGPA3,45.25
2018-11-26,USIM5,8.53
2018-11-26,VALE3,50.12
2018-11-26,VIVT4,45.55
2018-11-26,VVAR3,4.95
2018-11-26,WEGE3,17.74
2018-11-27,ABEV3,16.54
2018-11-27,BBAS3,45.05
2018-11-27,BBDC3,33.3
2018-11-27,BBDC4,37.67
2018-11-27,BBSE3,27.78
2018-11-27,BRAP4,30.4
2018-11-27,BRFS3,22.06
2018-11-27,BRKM5,54.53
2018-11-27,BRML3,12.67
2018-11-27,BTOW3,37.84
2018-11-27,CCRO3,11.44
2018-11-27,CIEL3,8.6
2018-11-27,CMIG4,12.41
2018-11-27,CPLE6,31.91
2018-11-27,CSAN3,32.52
2018-11-27,CSNA3,8.56
2018-11-27,CVCB3,59.45
2018-11-27,CYRE3,14.2
2018-11-27,ECOR3,9.0
2018-11-27,EGIE3,34.84
2018-11-27,ELET3,25.8
2018-11-27,ELET6,28.93
2018-11-27,EMBR3,21.48
2018-11-27,ENBR3,13.39
2018-11-27,EQTL3,74.18
2018-11-27,ESTC3,24.14
2018-11-27,FIBR3,71.03
2018-11-27,FLRY3,21.24
2018-11-27,GGBR4,14.7
2018-11-27,GOAU4,6.98
2018-11-27,GOLL4,20.6
2018-11-27,HYPE3,31.55
2018-11-27,IGTA3,39.67
2018-11-27,ITSA4,12.09
2018-11-27,ITUB4,35.15
2018-11-27,JBSS3,11.45
2018-11-27,KROT3,10.93
2018-11-27,LAME4,18.49
2018-11-27,LREN3,39.49
2018-11-27,MGLU3,168.77
2018-11-27,MRFG3,6.13
2018-11-27,MRVE3,12.23
2018-11-27,MULT3,23.23
2018-11-27,NATU3,38.25
2018-11-27,PCAR4,85.49
2018-11-27,PETR3,28.02
2018-11-27,PETR4,25.53
2018-11-27,QUAL3,13.32
2018-11-27,RADL3,62.8
2018-11-27,RAIL3,17.52
2018-11-27,RENT3,28.0
2018-11-27,SBSP3,28.4
2018-11-27,SMLS3,42.25
2018-11-27,SUZB3,37.01
2018-11-27,TIMP3,11.85
2018-11-27,UGPA3,46.1
2018-11-27,USIM5,8.72
2018-11-27,VALE3,49.92
2018-11-27,VIVT4,46.75
2018-11-27,VVAR3,4.95
2018-11-27,WEGE3,18.05
2018-11-28,ABEV3,16.69
2018-11-28,BBAS3,45.76
2018-11-28,BBDC3,34.38
2018-11-28,BBDC4,38.44
2018-11-28,BBSE3,28.71
2018-11-28,BRAP4,31.4
2018-11-28,BRFS3,22.08
2018-11-28,BRKM5,54.89
2018-11-28,BRML3,12.85
2018-11-28,BTOW3,39.3
2018-11-28,CCRO3,11.46
2018-11-28,CIEL3,9.12
2018-11-28,CMIG4,12.47
2018-11-28,CPLE6,32.45
2018-11-28,CSAN3,32.49
2018-11-28,CSNA3,8.66
2018-11-28,CVCB3,61.51
2018-11-28,CYRE3,14.17
2018-11-28,ECOR3,8.91
2018-11-28,EGIE3,35.2
2018-11-28,ELET3,25.73
2018-11-28,ELET6,29.03
2018-11-28,EMBR3,21.74
2018-11-28,ENBR3,13.63
2018-11-28,EQTL3,74.45
2018-11-28,ESTC3,24.74
2018-11-28,FIBR3,71.09
2018-11-28,FLRY3,21.81
2018-11-28,GGBR4,15.07
2018-11-28,GOAU4,7.04
2018-11-28,GOLL4,20.9
2018-11-28,HYPE3,31.85
2018-11-28,IGTA3,39.4
2018-11-28,ITSA4,12.37
2018-11-28,ITUB4,36.03
2018-11-28,JBSS3,11.51
2018-11-28,KROT3,10.96
2018-11-28,LAME4,19.68
2018-11-28,LREN3,39.5
2018-11-28,MGLU3,170.05
2018-11-28,MRFG3,6.2
2018-11-28,MRVE3,12.25
2018-11-28,MULT3,23.25
2018-11-28,NATU3,39.3
2018-11-28,PCAR4,86.5
2018-11-28,PETR3,27.67
2018-11-28,PETR4,25.38
2018-11-28,QUAL3,13.97
2018-11-28,RADL3,62.4
2018-11-28,RAIL3,17.48
2018-11-28,RENT3,28.02
2018-11-28,SBSP3,28.77
2018-11-28,SMLS3,42.51
2018-11-28,SUZB3,36.74
2018-11-28,TIMP3,12.04
2018-11-28,UGPA3,47.2
2018-11-28,USIM5,8.69
2018-11-28,VALE3,52.3
2018-11-28,VIVT4,46.75
2018-11-28,VVAR3,4.95
2018-11-28,WEGE3,18.14
2018-11-29,ABEV3,16.64
2018-11-29,BBAS3,45.24
2018-11-29,BBDC3,34.62
2018-11-29,BBDC4,38.92
2018-11-29,BBSE3,28.48
2018-11-29,BRAP4,31.49
2018-11-29,BRFS3,22.5
2018-11-29,BRKM5,55.83
2018-11-29,BRML3,12.96
2018-11-29,BTOW3,38.73
2018-11-29,CCRO3,12.74
2018-11-29,CIEL3,8.91
2018-11-29,CMIG4,12.63
2018-11-29,CPLE6,32.6
2018-11-29,CSAN3,33.88
2018-11-29,CSNA3,8.78
2018-11-29,CVCB3,60.62
2018-11-29,CYRE3,13.82
2018-11-29,ECOR3,9.41
2018-11-29,EGIE3,35.08
2018-11-29,ELET3,25.77
2018-11-29,ELET6,29.25
2018-11-29,EMBR3,21.75
2018-11-29,ENBR3,13.7
2018-11-29,EQTL3,74.0
2018-11-29,ESTC3,25.55
2018-11-29,FIBR3,72.28
2018-11-29,FLRY3,21.74
2018-11-29,GGBR4,15.1
2018-11-29,GOAU4,7.11
2018-11-29,GOLL4,21.35
2018-11-29,HYPE3,32.1
2018-11-29,IGTA3,39.27
2018-11-29,ITSA4,12.49
2018-11-29,ITUB4,36.35
2018-11-29,JBSS3,11.75
2018-11-29,KROT3,10.9
2018-11-29,LAME4,19.98
2018-11-29,LREN3,39.44
2018-11-29,MGLU3,171.24
2018-11-29,MRFG3,6.2
2018-11-29,MRVE3,12.12
2018-11-29,MULT3,23.5
2018-11-29,NATU3,40.38
2018-11-29,PCAR4,83.53
2018-11-29,PETR3,27.85
2018-11-29,PETR4,25.17
2018-11-29,QUAL3,14.2
2018-11-29,RADL3,62.18
2018-11-29,RAIL3,17.6
2018-11-29,RENT3,27.82
2018-11-29,SBSP3,28.71
2018-11-29,SMLS3,43.41
2018-11-29,SUZB3,38.93
2018-11-29,TIMP3,12.04
2018-11-29,UGPA3,48.42
2018-11-29,USIM5,8.98
2018-11-29,VALE3,52.0
2018-11-29,VIVT4,46.75
2018-11-29,VVAR3,5.04
2018-11-29,WEGE3,18.21
2018-11-30,ABEV3,16.92
2018-11-30,BBAS3,44.63
2018-11-30,BBDC3,33.59
2018-11-30,BBDC4,38.46
2018-11-30,BBSE3,28.32
2018-11-30,BRAP4,31.78
2018-11-30,BRFS3,22.17
2018-11-30,BRKM5,54.18
2018-11-30,BRML3,13.01
2018-11-30,BTOW3,38.27
2018-11-30,CCRO3,12.99
2018-11-30,CIEL3,9.52
2018-11-30,CMIG4,12.71
2018-11-30,CPLE6,32.5
2018-11-30,CSAN3,34.46
2018-11-30,CSNA3,8.87
2018-11-30,CVCB3,61.85
2018-11-30,CYRE3,14.24
2018-11-30,ECOR3,9.3
2018-11-30,EGIE3,34.408
2018-11-30,ELET3,24.43
2018-11-30,ELET6,28.32
2018-11-30,EMBR3,21.8
2018-11-30,ENBR3,13.69
2018-11-30,EQTL3,72.64
2018-11-30,ESTC3,24.75
2018-11-30,FIBR3,73.22
2018-11-30,FLRY3,21.6
2018-11-30,GGBR4,15.48
2018-11-30,GOAU4,7.32
2018-11-30,GOLL4,21.6
2018-11-30,HYPE3,32.1
2018-11-30,IGTA3,39.13
2018-11-30,ITSA4,12.34
2018-11-30,ITUB4,36.02
2018-11-30,JBSS3,11.77
2018-11-30,KROT3,10.5
2018-11-30,LAME4,19.71
2018-11-30,LREN3,39.1
2018-11-30,MGLU3,164.63
2018-11-30,MRFG3,6.2
2018-11-30,MRVE3,12.13
2018-11-30,MULT3,23.21
2018-11-30,NATU3,40.91
2018-11-30,PCAR4,83.41
2018-11-30,PETR3,28.13
2018-11-30,PETR4,25.46
2018-11-30,QUAL3,13.86
2018-11-30,RADL3,62.13
2018-11-30,RAIL3,17.44
2018-11-30,RENT3,26.91
2018-11-30,SBSP3,28.23
2018-11-30,SMLS3,44.2
2018-11-30,SUZB3,40.89
2018-11-30,TIMP3,11.86
2018-11-30,UGPA3,47.25
2018-11-30,USIM5,9.35
2018-11-30,VALE3,52.8
2018-11-30,VIVT4,46.01
2018-11-30,VVAR3,5.18
2018-11-30,WEGE3,17.82
2018-12-03,ABEV3,16.74
2018-12-03,BBAS3,44.1
2018-12-03,BBDC3,33.48
2018-12-03,BBDC4,37.8
2018-12-03,BBSE3,27.94
2018-12-03,BRAP4,32.15
2018-12-03,BRFS3,22.55
2018-12-03,BRKM5,53.64
2018-12-03,BRML3,13.1
2018-12-03,BTOW3,39.29
2018-12-03,CCRO3,12.9
2018-12-03,CIEL3,9.66
2018-12-03,CMIG4,12.65
2018-12-03,CPLE6,33.4
2018-12-03,CSAN3,35.23
2018-12-03,CSNA3,9.18
2018-12-03,CVCB3,61.09
2018-12-03,CYRE3,14.26
2018-12-03,ECOR3,9.48
2018-12-03,EGIE3,34.64
2018-12-03,ELET3,24.6
2018-12-03,ELET6,28.68
2018-12-03,EMBR3,21.8
2018-12-03,ENBR3,14.03
2018-12-03,EQTL3,73.5
2018-12-03,ESTC3,25.14
2018-12-03,FIBR3,73.77
2018-12-03,FLRY3,21.56
2018-12-03,GGBR4,16.15
2018-12-03,GOAU4,7.6
2018-12-03,GOLL4,21.35
2018-12-03,HYPE3,32.19
2018-12-03,IGTA3,38.44
2018-12-03,ITSA4,12.23
2018-12-03,ITUB4,35.55
2018-12-03,JBSS3,11.96
2018-12-03,KROT3,10.59
2018-12-03,LAME4,19.77
2018-12-03,LREN3,39.17
2018-12-03,MGLU3,162.13
2018-12-03,MRFG3,6.36
2018-12-03,MRVE3,12.06
2018-12-03,MULT3,22.87
2018-12-03,NATU3,41.57
2018-12-03,PCAR4,85.98
2018-12-03,PETR3,28.93
2018-12-03,PETR4,25.94
2018-12-03,QUAL3,14.02
2018-12-03,RADL3,63.46
2018-12-03,RAIL3,16.78
2018-12-03,RENT3,26.56
2018-12-03,SBSP3,28.46
2018-12-03,SMLS3,43.4
2018-12-03,SUZB3,41.6
2018-12-03,TIMP3,11.86
2018-12-03,UGPA3,47.58
2018-12-03,USIM5,9.79
2018-12-03,VALE3,54.11
2018-12-03,VIVT4,46.31
2018-12-03,VVAR3,5.12
2018-12-03,WEGE3,17.96
2018-12-04,ABEV3,16.65
2018-12-04,BBAS3,43.66
2018-12-04,BBDC3,33.5
2018-12-04,BBDC4,37.68
2018-12-04,BBSE3,27.5
2018-12-04,BRAP4,31.54
2018-12-04,BRFS3,22.4
2018-12-04,BRKM5,52.66
2018-12-04,BRML3,13.14
2018-12-04,BTOW3,39.4
2018-12-04,CCRO3,12.3
2018-12-04,CIEL3,9.53
2018-12-04,CMIG4,12.53
2018-12-04,CPLE6,33.1
2018-12-04,CSAN3,34.68
2018-12-04,CSNA3,8.91
2018-12-04,CVCB3,58.85
2018-12-04,CYRE3,14.03
2018-12-04,ECOR3,9.36
2018-12-04,EGIE3,34.8
2018-12-04,ELET3,24.36
2018-12-04,ELET6,28.49
2018-12-04,EMBR3,21.39
2018-12-04,ENBR3,13.82
2018-12-04,EQTL3,72.15
2018-12-04,ESTC3,24.39
2018-12-04,FIBR3,67.55
2018-12-04,FLRY3,21.55
2018-12-04,GGBR4,15.81
2018-12-04,GOAU4,7.39
2018-12-04,GOLL4,20.46
2018-12-04,HYPE3,31.46
2018-12-04,IGTA3,38.25
2018-12-04,ITSA4,12.05
2018-12-04,ITUB4,35.51
2018-12-04,JBSS3,11.48
2018-12-04,KROT3,10.2
2018-12-04,LAME4,19.57
2018-12-04,LREN3,38.36
2018-12-04,MGLU3,164.8
2018-12-04,MRFG3,6.25
2018-12-04,MRVE3,11.79
2018-12-04,MULT3,22.74
2018-12-04,NATU3,41.0
2018-12-04,PCAR4,84.78
2018-12-04,PETR3,28.42
2018-12-04,PETR4,25.34
2018-12-04,QUAL3,13.83
2018-12-04,RADL3,64.0
2018-12-04,RAIL3,16.35
2018-12-04,RENT3,26.37
2018-12-04,SBSP3,28.51
2018-12-04,SMLS3,42.15
2018-12-04,SUZB3,39.65
2018-12-04,TIMP3,11.87
2018-12-04,UGPA3,47.03
2018-12-04,USIM5,9.38
2018-12-04,VALE3,52.88
2018-12-04,VIVT4,45.94
2018-12-04,VVAR3,5.15
2018-12-04,WEGE3,18.04
2018-12-05,ABEV3,16.54
2018-12-05,BBAS3,44.1
2018-12-05,BBDC3,33.62
2018-12-05,BBDC4,37.66
2018-12-05,BBSE3,27.8
2018-12-05,BRAP4,31.65
2018-12-05,BRFS3,23.35
2018-12-05,BRKM5,51.0
2018-12-05,BRML3,13.0
2018-12-05,BTOW3,39.9
2018-12-05,CCRO3,12.6
2018-12-05,CIEL3,9.27
2018-12-05,CMIG4,12.42
2018-12-05,CPLE6,34.2
2018-12-05,CSAN3,33.65
2018-12-05,CSNA3,8.94
2018-12-05,CVCB3,59.4
2018-12-05,CYRE3,14.4
2018-12-05,ECOR3,9.77
2018-12-05,EGIE3,35.256
2018-12-05,ELET3,24.65
2018-12-05,ELET6,28.57
2018-12-05,EMBR3,21.5
2018-12-05,ENBR3,13.93
2018-12-05,EQTL3,72.7
2018-12-05,ESTC3,24.7
2018-12-05,FIBR3,67.8
2018-12-05,FLRY3,21.4
2018-12-05,GGBR4,16.0
2018-12-05,GOAU4,7.47
2018-12-05,GOLL4,20.85
2018-12-05,HYPE3,31.64
2018-12-05,IGTA3,39.0
2018-12-05,ITSA4,12.05
2018-12-05,ITUB4,35.53
2018-12-05,JBSS3,12.11
2018-12-05,KROT3,10.24
2018-12-05,LAME4,19.78
2018-12-05,LREN3,39.4
2018-12-05,MGLU3,164.91
2018-12-05,MRFG3,6.33
2018-12-05,MRVE3,11.96
2018-12-05,MULT3,23.07
2018-12-05,NATU3,41.89
2018-12-05,PCAR4,83.41
2018-12-05,PETR3,28.59
2018-12-05,PETR4,25.56
2018-12-05,QUAL3,14.58
2018-12-05,RADL3,62.69
2018-12-05,RAIL3,16.6
2018-12-05,RENT3,26.5
2018-12-05,SBSP3,28.68
2018-12-05,SMLS3,43.8
2018-12-05,SUZB3,39.79
2018-12-05,TIMP3,11.94
2018-12-05,UGPA3,47.3
2018-12-05,USIM5,9.49
2018-12-05,VALE3,52.8
2018-12-05,VIVT4,46.63
2018-12-05,VVAR3,5.2
2018-12-05,WEGE3,17.85
2018-12-06,ABEV3,16.39
2018-12-06,BBAS3,44.37
2018-12-06,BBDC3,34.09
2018-12-06,BBDC4,38.07
2018-12-06,BBSE3,28.5
2018-12-06,BRAP4,31.41
2018-12-06,BRFS3,23.08
2018-12-06,BRKM5,50.3
2018-12-06,BRML3,12.83
2018-12-06,BTOW3,39.26
2018-12-06,CCRO3,12.42
2018-12-06,CIEL3,9.63
2018-12-06,CMIG4,12.33
2018-12-06,CPLE6,33.07
2018-12-06,CSAN3,33.68
2018-12-06,CSNA3,8.99
2018-12-06,CVCB3,59.56
2018-12-06,CYRE3,14.7
2018-12-06,ECOR3,9.65
2018-12-06,EGIE3,35.416
2018-12-06,ELET3,24.73
2018-12-06,ELET6,28.7
2018-12-06,EMBR3,21.0
2018-12-06,ENBR3,13.82
2018-12-06,EQTL3,71.25
2018-12-06,ESTC3,24.84
2018-12-06,FIBR3,67.59
2018-12-06,FLRY3,21.92
2018-12-06,GGBR4,15.82
2018-12-06,GOAU4,7.37
2018-12-06,GOLL4,20.41
2018-12-06,HYPE3,31.84
2018-12-06,IGTA3,38.76
2018-12-06,ITSA4,12.36
2018-12-06,ITUB4,35.85
2018-12-06,JBSS3,12.2
2018-12-06,KROT3,10.19
2018-12-06,LAME4,19.81
2018-12-06,LREN3,39.91
2018-12-06,MGLU3,165.33
2018-12-06,MRFG3,6.34
2018-12-06,MRVE3,12.0
2018-12-06,MULT3,23.24
2018-12-06,NATU3,42.5
2018-12-06,PCAR4,85.2
2018-12-06,PETR3,27.4
2018-12-06,PETR4,24.59
2018-12-06,QUAL3,14.76
2018-12-06,RADL3,62.8
2018-12-06,RAIL3,16.25
2018-12-06,RENT3,27.1
2018-12-06,SBSP3,28.56
2018-12-06,SMLS3,44.1
2018-12-06,SUZB3,39.24
2018-12-06,TIMP3,11.7
2018-12-06,UGPA3,48.99
2018-12-06,USIM5,9.3
2018-12-06,VALE3,52.3
2018-12-06,VIVT4,46.67
2018-12-06,VVAR3,5.18
2018-12-06,WEGE3,17.83
2018-12-07,ABEV3,16.11
2018-12-07,BBAS3,44.03
2018-12-07,BBDC3,33.65
2018-12-07,BBDC4,37.89
2018-12-07,BBSE3,28.69
2018-12-07,BRAP4,30.75
2018-12-07,BRFS3,22.8
2018-12-07,BRKM5,49.81
2018-12-07,BRML3,13.06
2018-12-07,BTOW3,37.98
2018-12-07,CCRO3,12.25
2018-12-07,CIEL3,9.48
2018-12-07,CMIG4,12.2
2018-12-07,CPLE6,32.5
2018-12-07,CSAN3,34.29
2018-12-07,CSNA3,8.69
2018-12-07,CVCB3,58.5
2018-12-07,CYRE3,14.75
2018-12-07,ECOR3,9.59
2018-12-07,EGIE3,35.624
2018-12-07,ELET3,25.29
2018-12-07,ELET6,29.04
2018-12-07,EMBR3,20.47
2018-12-07,ENBR3,13.8
2018-12-07,EQTL3,70.37
2018-12-07,ESTC3,24.16
2018-12-07,FIBR3,66.99
2018-12-07,FLRY3,21.2
2018-12-07,GGBR4,15.67
2018-12-07,GOAU4,7.36
2018-12-07,GOLL4,19.81
2018-12-07,HYPE3,31.55
2018-12-07,IGTA3,38.69
2018-12-07,ITSA4,12.12
2018-12-07,ITUB4,35.56
2018-12-07,JBSS3,12.05
2018-12-07,KROT3,10.14
2018-12-07,LAME4,19.47
2018-12-07,LREN3,39.14
2018-12-07,MGLU3,164.35
2018-12-07,MRFG3,6.26
2018-12-07,MRVE3,11.98
2018-12-07,MULT3,23.2
2018-12-07,NATU3,42.66
2018-12-07,PCAR4,83.6
2018-12-07,PETR3,27.85
2018-12-07,PETR4,24.77
2018-12-07,QUAL3,14.3
2018-12-07,RADL3,61.43
2018-12-07,RAIL3,16.21
2018-12-07,RENT3,27.07
2018-12-07,SBSP3,28.83
2018-12-07,SMLS3,42.91
2018-12-07,SUZB3,38.15
2018-12-07,TIMP3,11.82
2018-12-07,UGPA3,48.02
2018-12-07,USIM5,9.0
2018-12-07,VALE3,51.29
2018-12-07,VIVT4,46.76
2018-12-07,VVAR3,5.04
2018-12-07,WEGE3,17.69
2018-12-10,ABEV3,15.89
2018-12-10,BBAS3,42.74
2018-12-10,BBDC3,32.89
2018-12-10,BBDC4,37.16
2018-12-10,BBSE3,28.4
2018-12-10,BRAP4,30.08
2018-12-10,BRFS3,21.74
2018-12-10,BRKM5,49.39
2018-12-10,BRML3,12.7
2018-12-10,BTOW3,37.22
2018-12-10,CCRO3,12.02
2018-12-10,CIEL3,9.08
2018-12-10,CMIG4,12.19
2018-12-10,CPLE6,31.83
2018-12-10,CSAN3,33.51
2018-12-10,CSNA3,8.48
2018-12-10,CVCB3,57.53
2018-12-10,CYRE3,15.0
2018-12-10,ECOR3,9.48
2018-12-10,EGIE3,35.24
2018-12-10,ELET3,24.8
2018-12-10,ELET6,28.67
2018-12-10,EMBR3,20.88
2018-12-10,ENBR3,13.84
2018-12-10,EQTL3,69.71
2018-12-10,ESTC3,23.83
2018-12-10,FIBR3,66.68
2018-12-10,FLRY3,20.57
2018-12-10,GGBR4,15.33
2018-12-10,GOAU4,7.16
2018-12-10,GOLL4,18.4
2018-12-10,HYPE3,32.03
2018-12-10,IGTA3,38.45
2018-12-10,ITSA4,11.75
2018-12-10,ITUB4,34.61
2018-12-10,JBSS3,11.75
2018-12-10,KROT3,9.75
2018-12-10,LAME4,18.97
2018-12-10,LREN3,38.25
2018-12-10,MGLU3,160.53
2018-12-10,MRFG3,5.92
2018-12-10,MRVE3,11.7
2018-12-10,MULT3,22.92
2018-12-10,NATU3,41.89
2018-12-10,PCAR4,81.45
2018-12-10,PETR3,26.47
2018-12-10,PETR4,23.44
2018-12-10,QUAL3,14.0
2018-12-10,RADL3,60.9
2018-12-10,RAIL3,15.8
2018-12-10,RENT3,26.81
2018-12-10,SBSP3,28.47
2018-12-10,SMLS3,42.2
2018-12-10,SUZB3,37.25
2018-12-10,TIMP3,11.5
2018-12-10,UGPA3,47.39
2018-12-10,USIM5,8.7
2018-12-10,VALE3,50.2
2018-12-10,VIVT4,46.59
2018-12-10,VVAR3,4.87
2018-12-10,WEGE3,17.21
2018-12-11,ABEV3,15.95
2018-12-11,BBAS3,42.99
2018-12-11,BBDC3,33.01
2018-12-11,BBDC4,37.59
2018-12-11,BBSE3,28.46
2018-12-11,BRAP4,30.12
2018-12-11,BRFS3,21.5
2018-12-11,BRKM5,48.92
2018-12-11,BRML3,12.77
2018-12-11,BTOW3,37.44
2018-12-11,CCRO3,12.15
2018-12-11,CIEL3,9.15
2018-12-11,CMIG4,12.35
2018-12-11,CPLE6,32.0
2018-12-11,CSAN3,33.08
2018-12-11,CSNA3,8.67
2018-12-11,CVCB3,58.52
2018-12-11,CYRE3,15.25
2018-12-11,ECOR3,9.63
2018-12-11,EGIE3,34.976
2018-12-11,ELET3,25.77
2018-12-11,ELET6,29.61
2018-12-11,EMBR3,21.03
2018-12-11,ENBR3,13.9
2018-12-11,EQTL3,70.9
2018-12-11,ESTC3,23.95
2018-12-11,FIBR3,66.09
2018-12-11,FLRY3,20.27
2018-12-11,GGBR4,15.48
2018-12-11,GOAU4,7.07
2018-12-11,GOLL4,20.8
2018-12-11,HYPE3,31.88
2018-12-11,IGTA3,38.79
2018-12-11,ITSA4,11.79
2018-12-11,ITUB4,34.92
2018-12-11,JBSS3,11.35
2018-12-11,KROT3,9.75
2018-12-11,LAME4,19.38
2018-12-11,LREN3,39.38
2018-12-11,MGLU3,164.39
2018-12-11,MRFG3,5.89
2018-12-11,MRVE3,11.99
2018-12-11,MULT3,23.06
2018-12-11,NATU3,42.75
2018-12-11,PCAR4,82.5
2018-12-11,PETR3,26.3
2018-12-11,PETR4,23.29
2018-12-11,QUAL3,14.02
2018-12-11,RADL3,62.95
2018-12-11,RAIL3,16.3
2018-12-11,RENT3,27.23
2018-12-11,SBSP3,29.09
2018-12-11,SMLS3,43.7
2018-12-11,SUZB3,35.83
2018-12-11,TIMP3,11.7
2018-12-11,UGPA3,48.43
2018-12-11,USIM5,8.75
2018-12-11,VALE3,50.6
2018-12-11,VIVT4,46.9
2018-12-11,VVAR3,4.95
2018-12-11,WEGE3,17.4
2018-12-12,ABEV3,15.95
2018-12-12,BBAS3,42.98
2018-12-12,BBDC3,33.3
2018-12-12,BBDC4,37.84
2018-12-12,BBSE3,27.16
2018-12-12,BRAP4,30.05
2018-12-12,BRFS3,22.19
2018-12-12,BRKM5,49.4
2018-12-12,BRML3,13.18
2018-12-12,BTOW3,37.5
2018-12-12,CCRO3,12.1
2018-12-12,CIEL3,9.35
2018-12-12,CMIG4,12.59
2018-12-12,CPLE6,31.44
2018-12-12,CSAN3,33.15
2018-12-12,CSNA3,9.12
2018-12-12,CVCB3,60.27
2018-12-12,CYRE3,14.87
2018-12-12,ECOR3,9.4
2018-12-12,EGIE3,34.32
2018-12-12,ELET3,25.27
2018-12-12,ELET6,29.21
2018-12-12,EMBR3,21.02
2018-12-12,ENBR3,13.68
2018-12-12,EQTL3,71.2
2018-12-12,ESTC3,23.96
2018-12-12,FIBR3,66.25
2018-12-12,FLRY3,20.0
2018-12-12,GGBR4,15.4
2018-12-12,GOAU4,7.1
2018-12-12,GOLL4,20.9
2018-12-12,HYPE3,31.7
2018-12-12,IGTA3,39.72
2018-12-12,ITSA4,11.91
2018-12-12,ITUB4,35.16
2018-12-12,JBSS3,11.51
2018-12-12,KROT3,9.8
2018-12-12,LAME4,19.8
2018-12-12,LREN3,39.52
2018-12-12,MGLU3,168.0
2018-12-12,MRFG3,5.8
2018-12-12,MRVE3,11.67
2018-12-12,MULT3,23.73
2018-12-12,NATU3,43.82
2018-12-12,PCAR4,82.95
2018-12-12,PETR3,26.39
2018-12-12,PETR4,23.3
2018-12-12,QUAL3,13.94
2018-12-12,RADL3,64.05
2018-12-12,RAIL3,16.38
2018-12-12,RENT3,27.91
2018-12-12,SBSP3,30.92
2018-12-12,SMLS3,43.84
2018-12-12,SUZB3,36.29
2018-12-12,TIMP3,11.95
2018-12-12,UGPA3,50.0
2018-12-12,USIM5,9.36
2018-12-12,VALE3,50.37
2018-12-12,VIVT4,46.95
2018-12-12,VVAR3,4.78
2018-12-12,WEGE3,17.3
2018-12-13,ABEV3,16.32
2018-12-13,BBAS3,44.08
2018-12-13,BBDC3,34.26
2018-12-13,BBDC4,38.84
2018-12-13,BBSE3,27.29
2018-12-13,BRAP4,30.0
2018-12-13,BRFS3,22.68
2018-12-13,BRKM5,48.65
2018-12-13,BRML3,13.14
2018-12-13,BTOW3,37.15
2018-12-13,CCRO3,12.22
2018-12-13,CIEL3,9.26
2018-12-13,CMIG4,12.78
2018-12-13,CPLE6,32.34
2018-12-13,CSAN3,33.42
2018-12-13,CSNA3,9.07
2018-12-13,CVCB3,61.65
2018-12-13,CYRE3,15.21
2018-12-13,ECOR3,9.52
2018-12-13,EGIE3,34.25
2018-12-13,ELET3,24.99
2018-12-13,ELET6,29.23
2018-12-13,EMBR3,20.8
2018-12-13,ENBR3,14.03
2018-12-13,EQTL3,71.91
2018-12-13,ESTC3,24.32
2018-12-13,FIBR3,66.84
2018-12-13,FLRY3,20.03
2018-12-13,GGBR4,15.34
2018-12-13,GOAU4,7.16
2018-12-13,GOLL4,22.0
2018-12-13,HYPE3,31.53
2018-12-13,IGTA3,39.55
2018-12-13,ITSA4,12.1
2018-12-13,ITUB4,35.78
2018-12-13,JBSS3,12.0
2018-12-13,KROT3,9.54
2018-12-13,LAME4,19.95
2018-12-13,LREN3,39.66
2018-12-13,MGLU3,167.5
2018-12-13,MRFG3,5.81
2018-12-13,MRVE3,11.96
2018-12-13,MULT3,23.79
2018-12-13,NATU3,43.99
2018-12-13,PCAR4,82.5
2018-12-13,PETR3,26.53
2018-12-13,PETR4,23.36
2018-12-13,QUAL3,13.95
2018-12-13,RADL3,63.14
2018-12-13,RAIL3,16.4
2018-12-13,RENT3,27.95
2018-12-13,SBSP3,31.22
2018-12-13,SMLS3,43.55
2018-12-13,SUZB3,37.57
2018-12-13,TIMP3,12.08
2018-12-13,UGPA3,49.3
2018-12-13,USIM5,9.65
2018-12-13,VALE3,50.6
2018-12-13,VIVT4,47.9
2018-12-13,VVAR3,4.7
2018-12-13,WEGE3,17.37
2018-12-14,ABEV3,16.06
2018-12-14,BBAS3,44.1
2018-12-14,BBDC3,33.84
2018-12-14,BBDC4,38.4
2018-12-14,BBSE3,27.15
2018-12-14,BRAP4,29.83
2018-12-14,BRFS3,23.0
2018-12-14,BRKM5,48.0
2018-12-14,BRML3,13.11
2018-12-14,BTOW3,37.6
2018-12-14,CCRO3,12.05
2018-12-14,CIEL3,9.44
2018-12-14,CMIG4,12.87
2018-12-14,CPLE6,32.5
2018-12-14,CSAN3,33.33
2018-12-14,CSNA3,9.08
2018-12-14,CVCB3,60.65
2018-12-14,CYRE3,15.46
2018-12-14,ECOR3,9.7
2018-12-14,EGIE3,34.37
2018-12-14,ELET3,24.41
2018-12-14,ELET6,28.5
2018-12-14,EMBR3,20.73
2018-12-14,ENBR3,13.98
2018-12-14,EQTL3,71.92
2018-12-14,ESTC3,24.85
2018-12-14,FIBR3,66.76
2018-12-14,FLRY3,19.61
2018-12-14,GGBR4,15.13
2018-12-14,GOAU4,7.04
2018-12-14,GOLL4,23.65
2018-12-14,HYPE3,30.97
2018-12-14,IGTA3,39.38
2018-12-14,ITSA4,12.18
2018-12-14,ITUB4,35.52
2018-12-14,JBSS3,12.08
2018-12-14,KROT3,9.36
2018-12-14,LAME4,19.86
2018-12-14,LREN3,39.5
2018-12-14,MGLU3,170.6
2018-12-14,MRFG3,5.76
2018-12-14,MRVE3,11.79
2018-12-14,MULT3,23.5
2018-12-14,NATU3,44.1
2018-12-14,PCAR4,80.5
2018-12-14,PETR3,26.33
2018-12-14,PETR4,23.05
2018-12-14,QUAL3,14.05
2018-12-14,RADL3,62.62
2018-12-14,RAIL3,16.25
2018-12-14,RENT3,28.3
2018-12-14,SBSP3,30.64
2018-12-14,SMLS3,43.9
2018-12-14,SUZB3,37.1
2018-12-14,TIMP3,12.23
2018-12-14,UGPA3,49.71
2018-12-14,USIM5,9.38
2018-12-14,VALE3,50.88
2018-12-14,VIVT4,48.5
2018-12-14,VVAR3,4.35
2018-12-14,WEGE3,17.35
2018-12-17,ABEV3,16.1
2018-12-17,BBAS3,43.7
2018-12-17,BBDC3,33.15
2018-12-17,BBDC4,37.65
2018-12-17,BBSE3,26.75
2018-12-17,BRAP4,30.31
2018-12-17,BRFS3,23.0
2018-12-17,BRKM5,47.56
2018-12-17,BRML3,12.9
2018-12-17,BTOW3,36.57
2018-12-17,CCRO3,11.79
2018-12-17,CIEL3,9.45
2018-12-17,CMIG4,12.53
2018-12-17,CPLE6,32.4
2018-12-17,CSAN3,32.77
2018-12-17,CSNA3,9.29
2018-12-17,CVCB3,59.85
2018-12-17,CYRE3,15.18
2018-12-17,ECOR3,9.48
2018-12-17,EGIE3,33.9
2018-12-17,ELET3,23.97
2018-12-17,ELET6,27.88
2018-12-17,EMBR3,21.25
2018-12-17,ENBR3,13.83
2018-12-17,EQTL3,70.83
2018-12-17,ESTC3,24.29
2018-12-17,FIBR3,66.52
2018-12-17,FLRY3,19.47
2018-12-17,GGBR4,15.1
2018-12-17,GOAU4,7.13
2018-12-17,GOLL4,23.69
2018-12-17,HYPE3,30.58
2018-12-17,IGTA3,38.2
2018-12-17,ITSA4,11.85
2018-12-17,ITUB4,34.57
2018-12-17,JBSS3,11.9
2018-12-17,KROT3,9.12
2018-12-17,LAME4,19.45
2018-12-17,LREN3,38.8
2018-12-17,MGLU3,170.07
2018-12-17,MRFG3,5.57
2018-12-17,MRVE3,11.68
2018-12-17,MULT3,23.0
2018-12-17,NATU3,44.1
2018-12-17,PCAR4,80.98
2018-12-17,PETR3,26.05
2018-12-17,PETR4,22.87
2018-12-17,QUAL3,13.64
2018-12-17,RADL3,60.9
2018-12-17,RAIL3,15.99
2018-12-17,RENT3,27.72
2018-12-17,SBSP3,30.24
2018-12-17,SMLS3,45.0
2018-12-17,SUZB3,36.22
2018-12-17,TIMP3,11.97
2018-12-17,UGPA3,49.5
2018-12-17,USIM5,9.79
2018-12-17,VALE3,51.25
2018-12-17,VIVT4,47.32
2018-12-17,VVAR3,4.36
2018-12-17,WEGE3,16.92
2018-12-18,ABEV3,15.88
2018-12-18,BBAS3,43.8
2018-12-18,BBDC3,33.69
2018-12-18,BBDC4,38.35
2018-12-18,BBSE3,27.0
2018-12-18,BRAP4,30.85
2018-12-18,BRFS3,23.3
2018-12-18,BRKM5,47.62
2018-12-18,BRML3,12.76
2018-12-18,BTOW3,36.66
2018-12-18,CCRO3,11.73
2018-12-18,CIEL3,9.35
2018-12-18,CMIG4,12.65
2018-12-18,CPLE6,32.3
2018-12-18,CSAN3,33.2
2018-12-18,CSNA3,9.26
2018-12-18,CVCB3,61.0
2018-12-18,CYRE3,15.5
2018-12-18,ECOR3,9.45
2018-12-18,EGIE3,33.72
2018-12-18,ELET3,24.82
2018-12-18,ELET6,28.69
2018-12-18,EMBR3,21.45
2018-12-18,ENBR3,14.09
2018-12-18,EQTL3,70.62
2018-12-18,ESTC3,23.88
2018-12-18,FIBR3,67.1
2018-12-18,FLRY3,19.77
2018-12-18,GGBR4,15.22
2018-12-18,GOAU4,7.14
2018-12-18,GOLL4,25.12
2018-12-18,HYPE3,30.75
2018-12-18,IGTA3,38.2
2018-12-18,ITSA4,11.9
2018-12-18,ITUB4,35.12
2018-12-18,JBSS3,11.92
2018-12-18,KROT3,9.1
2018-12-18,LAME4,19.24
2018-12-18,LREN3,38.8
2018-12-18,MGLU3,175.9
2018-12-18,MRFG3,5.45
2018-12-18,MRVE3,12.2
2018-12-18,MULT3,23.01
2018-12-18,NATU3,43.95
2018-12-18,PCAR4,81.7
2018-12-18,PETR3,25.17
2018-12-18,PETR4,22.0
2018-12-18,QUAL3,13.6
2018-12-18,RADL3,58.96
2018-12-18,RAIL3,16.25
2018-12-18,RENT3,27.62
2018-12-18,SBSP3,30.05
2018-12-18,SMLS3,45.46
2018-12-18,SUZB3,37.45
2018-12-18,TIMP3,12.49
2018-12-18,UGPA3,49.8
2018-12-18,USIM5,9.6
2018-12-18,VALE3,51.44
2018-12-18,VIVT4,48.5
2018-12-18,VVAR3,4.58
2018-12-18,WEGE3,16.83
2018-12-19,ABEV3,15.4
2018-12-19,BBAS3,43.8
2018-12-19,BBDC3,33.15
2018-12-19,BBDC4,37.8
2018-12-19,BBSE3,26.5
2018-12-19,BRAP4,30.22
2018-12-19,BRFS3,22.75
2018-12-19,BRKM5,47.61
2018-12-19,BRML3,12.82
2018-12-19,BTOW3,38.15
2018-12-19,CCRO3,11.79
2018-12-19,CIEL3,9.54
2018-12-19,CMIG4,13.02
2018-12-19,CPLE6,31.38
2018-12-19,CSAN3,32.8
2018-12-19,CSNA3,9.25
2018-12-19,CVCB3,59.5
2018-12-19,CYRE3,14.96
2018-12-19,ECOR3,9.4
2018-12-19,EGIE3,32.97
2018-12-19,ELET3,23.8
2018-12-19,ELET6,27.57
2018-12-19,EMBR3,20.8
2018-12-19,ENBR3,14.0
2018-12-19,EQTL3,70.26
2018-12-19,ESTC3,23.46
2018-12-19,FIBR3,67.0
2018-12-19,FLRY3,19.53
2018-12-19,GGBR4,15.15
2018-12-19,GOAU4,7.05
2018-12-19,GOLL4,24.59
2018-12-19,HYPE3,29.99
2018-12-19,IGTA3,38.63
2018-12-19,ITSA4,11.89
2018-12-19,ITUB4,34.65
2018-12-19,JBSS3,11.54
2018-12-19,KROT3,8.76
2018-12-19,LAME4,19.12
2018-12-19,LREN3,38.87
2018-12-19,MGLU3,177.01
2018-12-19,MRFG3,5.36
2018-12-19,MRVE3,12.3
2018-12-19,MULT3,23.45
2018-12-19,NATU3,43.5
2018-12-19,PCAR4,79.06
2018-12-19,PETR3,24.76
2018-12-19,PETR4,22.25
2018-12-19,QUAL3,13.26
2018-12-19,RADL3,59.51
2018-12-19,RAIL3,16.6
2018-12-19,RENT3,27.83
2018-12-19,SBSP3,29.79
2018-12-19,SMLS3,45.4
2018-12-19,SUZB3,36.89
2018-12-19,TIMP3,12.19
2018-12-19,UGPA3,49.5
2018-12-19,USIM5,9.7
2018-12-19,VALE3,50.01
2018-12-19,VIVT4,46.57
2018-12-19,VVAR3,4.66
2018-12-19,WEGE3,17.1
2018-12-20,ABEV3,15.21
2018-12-20,BBAS3,44.08
2018-12-20,BBDC3,33.5
2018-12-20,BBDC4,38.0
2018-12-20,BBSE3,26.26
2018-12-20,BRAP4,30.53
2018-12-20,BRFS3,22.5
2018-12-20,BRKM5,46.95
2018-12-20,BRML3,12.75
2018-12-20,BTOW3,39.34
2018-12-20,CCRO3,11.61
2018-12-20,CIEL3,9.05
2018-12-20,CMIG4,13.53
2018-12-20,CPLE6,31.35
2018-12-20,CSAN3,32.02
2018-12-20,CSNA3,8.94
2018-12-20,CVCB3,61.05
2018-12-20,CYRE3,14.91
2018-12-20,ECOR3,9.42
2018-12-20,EGIE3,33.5
2018-12-20,ELET3,23.1
2018-12-20,ELET6,26.94
2018-12-20,EMBR3,20.35
2018-12-20,ENBR3,14.17
2018-12-20,EQTL3,70.5
2018-12-20,ESTC3,23.33
2018-12-20,FIBR3,66.98
2018-12-20,FLRY3,19.63
2018-12-20,GGBR4,14.55
2018-12-20,GOAU4,6.83
2018-12-20,GOLL4,25.38
2018-12-20,HYPE3,30.55
2018-12-20,IGTA3,38.45
2018-12-20,ITSA4,11.88
2018-12-20,ITUB4,34.64
2018-12-20,JBSS3,11.4
2018-12-20,KROT3,8.71
2018-12-20,LAME4,19.05
2018-12-20,LREN3,39.51
2018-12-20,MGLU3,177.94
2018-12-20,MRFG3,5.3
2018-12-20,MRVE3,12.7
2018-12-20,MULT3,23.39
2018-12-20,NATU3,42.99
2018-12-20,PCAR4,80.46
2018-12-20,PETR3,24.16
2018-12-20,PETR4,21.49
2018-12-20,QUAL3,13.15
2018-12-20,RADL3,57.76
2018-12-20,RAIL3,16.63
2018-12-20,RENT3,28.04
2018-12-20,SBSP3,30.6
2018-12-20,SMLS3,45.68
2018-12-20,SUZB3,36.71
2018-12-20,TIMP3,12.0
2018-12-20,UGPA3,50.54
2018-12-20,USIM5,9.25
2018-12-20,VALE3,49.81
2018-12-20,VIVT4,46.5
2018-12-20,VVAR3,4.58
2018-12-20,WEGE3,17.25
2018-12-21,ABEV3,15.17
2018-12-21,BBAS3,44.09
2018-12-21,BBDC3,33.26
2018-12-21,BBDC4,37.71
2018-12-21,BBSE3,26.9
2018-12-21,BRAP4,31.12
2018-12-21,BRFS3,22.07
2018-12-21,BRKM5,46.71
2018-12-21,BRML3,12.7
2018-12-21,BTOW3,39.52
2018-12-21,CCRO3,11.6
2018-12-21,CIEL3,9.1
2018-12-21,CMIG4,13.38
2018-12-21,CPLE6,29.87
2018-12-21,CSAN3,32.31
2018-12-21,CSNA3,8.81
2018-12-21,CVCB3,61.72
2018-12-21,CYRE3,14.91
2018-12-21,ECOR3,9.25
2018-12-21,EGIE3,32.95
2018-12-21,ELET3,22.7
2018-12-21,ELET6,26.41
2018-12-21,EMBR3,21.47
2018-12-21,ENBR3,13.91
2018-12-21,EQTL3,70.54
2018-12-21,ESTC3,22.87
2018-12-21,FIBR3,67.82
2018-12-21,FLRY3,19.73
2018-12-21,GGBR4,14.71
2018-12-21,GOAU4,6.8
2018-12-21,GOLL4,24.74
2018-12-21,HYPE3,30.43
2018-12-21,IGTA3,38.98
2018-12-21,ITSA4,11.75
2018-12-21,ITUB4,34.48
2018-12-21,JBSS3,11.76
2018-12-21,KROT3,9.07
2018-12-21,LAME4,19.28
2018-12-21,LREN3,41.3
2018-12-21,MGLU3,182.76
2018-12-21,MRFG3,5.34
2018-12-21,MRVE3,12.01
2018-12-21,MULT3,22.95
2018-12-21,NATU3,43.22
2018-12-21,PCAR4,81.86
2018-12-21,PETR3,24.18
2018-12-21,PETR4,21.55
2018-12-21,QUAL3,12.9
2018-12-21,RADL3,59.1
2018-12-21,RAIL3,16.41
2018-12-21,RENT3,28.96
2018-12-21,SBSP3,30.52
2018-12-21,SMLS3,45.0
2018-12-21,SUZB3,38.8
2018-12-21,TIMP3,12.08
2018-12-21,UGPA3,49.6
2018-12-21,USIM5,9.21
2018-12-21,VALE3,50.86
2018-12-21,VIVT4,47.0
2018-12-21,VVAR3,4.56
2018-12-21,WEGE3,17.34
2018-12-26,ABEV3,15.14
2018-12-26,BBAS3,44.38
2018-12-26,BBDC3,32.48
2018-12-26,BBDC4,36.6
2018-12-26,BBSE3,26.8
2018-12-26,BRAP4,30.91
2018-12-26,BRFS3,21.9
2018-12-26,BRKM5,46.4
2018-12-26,BRML3,12.69
2018-12-26,BTOW3,38.0
2018-12-26,CCRO3,11.42
2018-12-26,CIEL3,8.88
2018-12-26,CMIG4,13.21
2018-12-26,CPLE6,29.91
2018-12-26,CSAN3,32.62
2018-12-26,CSNA3,8.63
2018-12-26,CVCB3,61.74
2018-12-26,CYRE3,14.83
2018-12-26,ECOR3,9.3
2018-12-26,EGIE3,33.02
2018-12-26,ELET3,22.42
2018-12-26,ELET6,26.15
2018-12-26,EMBR3,21.47
2018-12-26,ENBR3,14.05
2018-12-26,EQTL3,71.21
2018-12-26,ESTC3,22.5
2018-12-26,FIBR3,67.62
2018-12-26,FLRY3,19.52
2018-12-26,GGBR4,14.79
2018-12-26,GOAU4,6.84
2018-12-26,GOLL4,24.5
2018-12-26,HYPE3,29.9
2018-12-26,IGTA3,38.54
2018-12-26,ITSA4,11.6
2018-12-26,ITUB4,33.73
2018-12-26,JBSS3,11.5
2018-12-26,KROT3,8.6
2018-12-26,LAME4,19.06
2018-12-26,LREN3,40.4
2018-12-26,MGLU3,176.76
2018-12-26,MRFG3,5.56
2018-12-26,MRVE3,11.69
2018-12-26,MULT3,22.88
2018-12-26,NATU3,43.9
2018-12-26,PCAR4,77.76
2018-12-26,PETR3,24.58
2018-12-26,PETR4,21.68
2018-12-26,QUAL3,12.69
2018-12-26,RADL3,57.8
2018-12-26,RAIL3,16.21
2018-12-26,RENT3,28.8
2018-12-26,SBSP3,30.73
2018-12-26,SMLS3,43.5
2018-12-26,SUZB3,38.75
2018-12-26,TIMP3,12.04
2018-12-26,UGPA3,50.19
2018-12-26,USIM5,9.15
2018-12-26,VALE3,50.44
2018-12-26,VIVT4,46.95
2018-12-26,VVAR3,4.3
2018-12-26,WEGE3,17.0
2018-12-27,ABEV3,15.1
2018-12-27,BBAS3,45.12
2018-12-27,BBDC3,33.3
2018-12-27,BBDC4,37.45
2018-12-27,BBSE3,27.19
2018-12-27,BRAP4,30.5
2018-12-27,BRFS3,21.63
2018-12-27,BRKM5,46.4
2018-12-27,BRML3,12.88
2018-12-27,BTOW3,39.91
2018-12-27,CCRO3,11.32
2018-12-27,CIEL3,8.7
2018-12-27,CMIG4,13.43
2018-12-27,CPLE6,30.15
2018-12-27,CSAN3,32.5
2018-12-27,CSNA3,8.56
2018-12-27,CVCB3,60.48
2018-12-27,CYRE3,15.04
2018-12-27,ECOR3,9.23
2018-12-27,EGIE3,32.88
2018-12-27,ELET3,23.93
2018-12-27,ELET6,27.72
2018-12-27,EMBR3,21.05
2018-12-27,ENBR3,14.28
2018-12-27,EQTL3,71.5
2018-12-27,ESTC3,23.24
2018-12-27,FIBR3,67.02
2018-12-27,FLRY3,19.46
2018-12-27,GGBR4,14.42
2018-12-27,GOAU4,6.74
2018-12-27,GOLL4,24.42
2018-12-27,HYPE3,29.95
2018-12-27,IGTA3,39.99
2018-12-27,ITSA4,11.8
2018-12-27,ITUB4,34.3
2018-12-27,JBSS3,11.3
2018-12-27,KROT3,8.77
2018-12-27,LAME4,19.16
2018-12-27,LREN3,41.21
2018-12-27,MGLU3,174.0
2018-12-27,MRFG3,5.45
2018-12-27,MRVE3,12.13
2018-12-27,MULT3,23.53
2018-12-27,NATU3,44.15
2018-12-27,PCAR4,78.53
2018-12-27,PETR3,24.44
2018-12-27,PETR4,21.67
2018-12-27,QUAL3,12.6
2018-12-27,RADL3,57.16
2018-12-27,RAIL3,16.26
2018-12-27,RENT3,29.0
2018-12-27,SBSP3,30.69
2018-12-27,SMLS3,43.0
2018-12-27,SUZB3,37.02
2018-12-27,TIMP3,11.64
2018-12-27,UGPA3,51.55
2018-12-27,USIM5,9.0
2018-12-27,VALE3,49.5
2018-12-27,VIVT4,45.58
2018-12-27,VVAR3,4.32
2018-12-27,WEGE3,17.13
2018-12-28,ABEV3,15.38
2018-12-28,BBAS3,46.0
2018-12-28,BBDC3,34.05
2018-12-28,BBDC4,38.69
2018-12-28,BBSE3,27.76
2018-12-28,BRAP4,31.69
2018-12-28,BRFS3,22.07
2018-12-28,BRKM5,47.38
2018-12-28,BRML3,13.07
2018-12-28,BTOW3,41.62
2018-12-28,CCRO3,11.2
2018-12-28,CIEL3,8.89
2018-12-28,CMIG4,13.86
2018-12-28,CPLE6,30.55
2018-12-28,CSAN3,33.46
2018-12-28,CSNA3,8.84
2018-12-28,CVCB3,61.18
2018-12-28,CYRE3,15.43
2018-12-28,ECOR3,9.36
2018-12-28,EGIE3,33.36
2018-12-28,ELET3,24.23
2018-12-28,ELET6,28.17
2018-12-28,EMBR3,21.68
2018-12-28,ENBR3,14.75
2018-12-28,EQTL3,74.56
2018-12-28,ESTC3,23.9
2018-12-28,FIBR3,67.6
2018-12-28,FLRY3,19.78
2018-12-28,GGBR4,14.82
2018-12-28,GOAU4,6.94
2018-12-28,GOLL4,24.8
2018-12-28,HYPE3,30.2
2018-12-28,IGTA3,41.6
2018-12-28,ITSA4,12.08
2018-12-28,ITUB4,35.5
2018-12-28,JBSS3,11.59
2018-12-28,KROT3,8.87
2018-12-28,LAME4,19.7
2018-12-28,LREN3,42.23
2018-12-28,MGLU3,181.07
2018-12-28,MRFG3,5.46
2018-12-28,MRVE3,12.36
2018-12-28,MULT3,24.31
2018-12-28,NATU3,45.0
2018-12-28,PCAR4,80.98
2018-12-28,PETR3,25.4
2018-12-28,PETR4,22.68
2018-12-28,QUAL3,12.89
2018-12-28,RADL3,57.15
2018-12-28,RAIL3,17.0
2018-12-28,RENT3,29.75
2018-12-28,SANB11,42.7
2018-12-28,SBSP3,31.5
2018-12-28,SMLS3,43.77
2018-12-28,SUZB3,38.08
2018-12-28,TIMP3,11.85
2018-12-28,UGPA3,53.2
2018-12-28,USIM5,9.22
2018-12-28,VALE3,51.0
2018-12-28,VIVT4,46.23
2018-12-28,VVAR3,4.39
2018-12-28,WEGE3,17.54
2019-01-02,ABEV3,16.15
2019-01-02,BBAS3,48.6
2019-01-02,BBDC3,35.77
2019-01-02,BBDC4,40.39
2019-01-02,BBSE3,28.32
2019-01-02,BRAP4,31.09
2019-01-02,BRFS3,22.38
2019-01-02,BRKM5,48.31
2019-01-02,BRML3,13.46
2019-01-02,BTOW3,43.0
2019-01-02,CCRO3,12.0
2019-01-02,CIEL3,9.63
2019-01-02,CMIG4,14.3
2019-01-02,CPLE6,30.85
2019-01-02,CSAN3,35.7
2019-01-02,CSNA3,9.21
2019-01-02,CVCB3,61.1
2019-01-02,CYRE3,15.87
2019-01-02,ECOR3,9.72
2019-01-02,EGIE3,34.14
2019-01-02,ELET3,29.25
2019-01-02,ELET6,32.26
2019-01-02,EMBR3,21.54
2019-01-02,ENBR3,14.18
2019-01-02,EQTL3,74.91
2019-01-02,ESTC3,24.85
2019-01-02,FIBR3,67.7
2019-01-02,FLRY3,20.15
2019-01-02,GGBR4,15.2
2019-01-02,GOAU4,7.16
2019-01-02,GOLL4,25.45
2019-01-02,HYPE3,31.15
2019-01-02,IGTA3,42.43
2019-01-02,ITSA4,12.65
2019-01-02,ITUB4,37.0
2019-01-02,JBSS3,12.04
2019-01-02,KROT3,9.25
2019-01-02,LAME4,19.72
2019-01-02,LREN3,43.55
2019-01-02,MGLU3,185.99
2019-01-02,MRFG3,5.65
2019-01-02,MRVE3,12.64
2019-01-02,MULT3,24.92
2019-01-02,NATU3,46.4
2019-01-02,PCAR4,82.77
2019-01-02,PETR3,26.65
2019-01-02,PETR4,24.06
2019-01-02,QUAL3,13.64
2019-01-02,RADL3,56.7
2019-01-02,RAIL3,16.95
2019-01-02,RENT3,30.87
2019-01-02,SBSP3,34.37
2019-01-02,SMLS3,43.5
2019-01-02,SUZB3,38.6
2019-01-02,TIMP3,12.15
2019-01-02,UGPA3,54.34
2019-01-02,USIM5,9.76
2019-01-02,VALE3,51.09
2019-01-02,VIVT4,47.18
2019-01-02,VVAR3,4.38
2019-01-02,WEGE3,17.98
2019-01-03,ABEV3,16.33
2019-01-03,BBAS3,48.8
2019-01-03,BBDC3,36.5
2019-01-03,BBDC4,40.78
2019-01-03,BBSE3,28.63
2019-01-03,BRAP4,29.9
2019-01-03,BRFS3,21.49
2019-01-03,BRKM5,48.6
2019-01-03,BRML3,13.55
2019-01-03,BTOW3,43.44
2019-01-03,CCRO3,12.39
2019-01-03,CIEL3,9.4
2019-01-03,CMIG4,14.0
2019-01-03,CPLE6,31.2
2019-01-03,CSAN3,36.24
2019-01-03,CSNA3,9.32
2019-01-03,CVCB3,60.71
2019-01-03,CYRE3,16.13
2019-01-03,ECOR3,9.92
2019-01-03,EGIE3,35.26
2019-01-03,ELET3,31.0
2019-01-03,ELET6,34.2
2019-01-03,EMBR3,21.9
2019-01-03,ENBR3,14.77
2019-01-03,EQTL3,77.0
2019-01-03,ESTC3,24.83
2019-01-03,FIBR3,66.06
2019-01-03,FLRY3,20.45
2019-01-03,GGBR4,15.1
2019-01-03,GOAU4,7.19
2019-01-03,GOLL4,25.63
2019-01-03,HYPE3,31.6
2019-01-03,IGTA3,42.82
2019-01-03,ITSA4,12.76
2019-01-03,ITUB4,37.61
2019-01-03,JBSS3,12.23
2019-01-03,KROT3,9.36
2019-01-03,LAME4,19.66
2019-01-03,LREN3,43.0
2019-01-03,MGLU3,184.0
2019-01-03,MRFG3,5.69
2019-01-03,MRVE3,12.63
2019-01-03,MULT3,25.1
2019-01-03,NATU3,46.76
2019-01-03,PCAR4,84.2
2019-01-03,PETR3,27.2
2019-01-03,PETR4,24.65
2019-01-03,QUAL3,13.72
2019-01-03,RADL3,56.57
2019-01-03,RAIL3,17.44
2019-01-03,RENT3,30.36
2019-01-03,SBSP3,37.02
2019-01-03,SMLS3,44.0
2019-01-03,SUZB3,36.95
2019-01-03,TIMP3,11.92
2019-01-03,UGPA3,53.33
2019-01-03,USIM5,9.55
2019-01-03,VALE3,49.0
2019-01-03,VIVT4,47.6
2019-01-03,VVAR3,4.31
2019-01-03,WEGE3,18.39
2019-01-04,ABEV3,16.55
2019-01-04,BBAS3,48.8
2019-01-04,BBDC3,36.21
2019-01-04,BBDC4,40.46
2019-01-04,BBSE3,28.35
2019-01-04,BRAP4,31.92
2019-01-04,BRFS3,21.45
2019-01-04,BRKM5,48.06
2019-01-04,BRML3,13.29
2019-01-04,BTOW3,42.0
2019-01-04,CCRO3,12.25
2019-01-04,CIEL3,10.15
2019-01-04,CMIG4,13.86
2019-01-04,CPLE6,30.17
2019-01-04,CSAN3,36.3
2019-01-04,CSNA3,9.75
2019-01-04,CVCB3,59.7
2019-01-04,CYRE3,15.99
2019-01-04,ECOR3,9.96
2019-01-04,EGIE3,35.52
2019-01-04,ELET3,30.53
2019-01-04,ELET6,33.96
2019-01-04,EMBR3,20.8
2019-01-04,ENBR3,14.88
2019-01-04,EQTL3,78.0
2019-01-04,ESTC3,25.16
2019-01-04,FLRY3,20.85
2019-01-04,GGBR4,15.5
2019-01-04,GOAU4,7.37
2019-01-04,GOLL4,25.0
2019-01-04,HYPE3,31.45
2019-01-04,IGTA3,41.75
2019-01-04,ITSA4,12.72
2019-01-04,ITUB4,36.98
2019-01-04,JBSS3,12.55
2019-01-04,KROT3,9.37
2019-01-04,LAME4,19.41
2019-01-04,LREN3,41.35
2019-01-04,MGLU3,178.4
2019-01-04,MRFG3,5.68
2019-01-04,MRVE3,12.45
2019-01-04,MULT3,24.59
2019-01-04,NATU3,47.3
2019-01-04,PCAR4,83.0
2019-01-04,PETR3,27.51
2019-01-04,PETR4,24.72
2019-01-04,QUAL3,13.48
2019-01-04,RADL3,57.38
2019-01-04,RAIL3,17.2
2019-01-04,RENT3,30.05
2019-01-04,SANB11,47.2
2019-01-04,SBSP3,37.86
2019-01-04,SMLS3,43.96
2019-01-04,SUZB3,37.64
2019-01-04,TIMP3,11.98
2019-01-04,UGPA3,52.97
2019-01-04,USIM5,10.11
2019-01-04,VALE3,52.19
2019-01-04,VIVT4,47.5
2019-01-04,VVAR3,4.27
2019-01-04,WEGE3,18.6
2019-01-07,ABEV3,16.48
2019-01-07,BBAS3,48.48
2019-01-07,BBDC3,36.0
2019-01-07,BBDC4,40.94
2019-01-07,BBSE3,27.93
2019-01-07,BRAP4,32.17
2019-01-07,BRFS3,21.59
2019-01-07,BRKM5,47.72
2019-01-07,BRML3,13.21
2019-01-07,BTOW3,40.14
2019-01-07,CCRO3,11.9
2019-01-07,CIEL3,10.06
2019-01-07,CMIG4,13.45
2019-01-07,CPLE6,30.49
2019-01-07,CSAN3,35.5
2019-01-07,CSNA3,9.77
2019-01-07,CVCB3,60.7
2019-01-07,CYRE3,15.9
2019-01-07,ECOR3,9.84
2019-01-07,EGIE3,35.3
2019-01-07,ELET3,29.0
2019-01-07,ELET6,32.5
2019-01-07,EMBR3,21.23
2019-01-07,ENBR3,14.45
2019-01-07,EQTL3,78.5
2019-01-07,ESTC3,24.71
2019-01-07,FLRY3,21.15
2019-01-07,GGBR4,15.54
2019-01-07,GOAU4,7.42
2019-01-07,GOLL4,23.9
2019-01-07,HYPE3,30.95
2019-01-07,IGTA3,41.1
2019-01-07,ITSA4,12.71
2019-01-07,ITUB4,37.05
2019-01-07,JBSS3,12.11
2019-01-07,KROT3,9.13
2019-01-07,LAME4,19.98
2019-01-07,LREN3,40.4
2019-01-07,MGLU3,181.17
2019-01-07,MRFG3,5.58
2019-01-07,MRVE3,12.56
2019-01-07,MULT3,24.24
2019-01-07,NATU3,45.47
2019-01-07,PCAR4,83.5
2019-01-07,PETR3,28.4
2019-01-07,PETR4,25.11
2019-01-07,QUAL3,13.08
2019-01-07,RADL3,56.1
2019-01-07,RAIL3,16.9
2019-01-07,RENT3,29.49
2019-01-07,SBSP3,37.0
2019-01-07,SMLS3,42.26
2019-01-07,SUZB3,35.85
2019-01-07,TIMP3,12.37
2019-01-07,UGPA3,51.35
2019-01-07,USIM5,10.13
2019-01-07,VALE3,51.91
2019-01-07,VIVT4,47.9
2019-01-07,VVAR3,4.24
2019-01-07,WEGE3,18.31
2019-01-08,ABEV3,16.15
2019-01-08,BBAS3,47.93
2019-01-08,BBDC3,36.4
2019-01-08,BBDC4,41.19
2019-01-08,BBSE3,27.52
2019-01-08,BRAP4,31.94
2019-01-08,BRFS3,22.93
2019-01-08,BRKM5,47.69
2019-01-08,BRML3,13.23
2019-01-08,BTOW3,42.0
2019-01-08,CCRO3,12.24
2019-01-08,CIEL3,9.72
2019-01-08,CMIG4,13.38
2019-01-08,CPLE6,31.0
2019-01-08,CSAN3,35.89
2019-01-08,CSNA3,9.8
2019-01-08,CVCB3,58.71
2019-01-08,CYRE3,15.79
2019-01-08,ECOR3,9.82
2019-01-08,EGIE3,35.7
2019-01-08,ELET3,30.48
2019-01-08,ELET6,33.59
2019-01-08,EMBR3,21.36
2019-01-08,ENBR3,14.5
2019-01-08,EQTL3,78.7
2019-01-08,ESTC3,24.94
2019-01-08,FLRY3,21.4
2019-01-08,GGBR4,15.56
2019-01-08,GOAU4,7.37
2019-01-08,GOLL4,23.59
2019-01-08,HYPE3,30.9
2019-01-08,IGTA3,40.55
2019-01-08,ITSA4,12.88
2019-01-08,ITUB4,37.52
2019-01-08,JBSS3,12.3
2019-01-08,KROT3,9.2
2019-01-08,LAME4,20.01
2019-01-08,LREN3,41.7
2019-01-08,MGLU3,179.71
2019-01-08,MRFG3,5.56
2019-01-08,MRVE3,13.05
2019-01-08,MULT3,24.07
2019-01-08,NATU3,44.36
2019-01-08,PCAR4,84.01
2019-01-08,PETR3,28.25
2019-01-08,PETR4,24.96
2019-01-08,QUAL3,13.3
2019-01-08,RADL3,58.15
2019-01-08,RAIL3,17.12
2019-01-08,RENT3,29.51
2019-01-08,SBSP3,37.14
2019-01-08,SMLS3,41.87
2019-01-08,SUZB3,36.2
2019-01-08,TIMP3,12.84
2019-01-08,UGPA3,50.5
2019-01-08,USIM5,9.77
2019-01-08,VALE3,52.41
2019-01-08,VIVT4,48.01
2019-01-08,VVAR3,4.04
2019-01-08,WEGE3,18.16
2019-01-09,BBAS3,47.8
2019-01-09,BBDC3,37.16
2019-01-09,BBDC4,41.9
2019-01-09,BRAP4,32.8
2019-01-09,BRKM5,48.01
2019-01-09,CSAN3,38.82
2019-01-09,CSNA3,9.88
2019-01-09,CVCB3,59.07
2019-01-09,CYRE3,15.85
2019-01-09,ECOR3,10.01
2019-01-09,ELET3,30.6
2019-01-09,ESTC3,26.71
2019-01-09,FLRY3,21.08
2019-01-09,GGBR4,16.0
2019-01-09,GOAU4,7.55
2019-01-09,JBSS3,12.2
2019-01-09,KROT3,9.58
2019-01-09,LAME4,20.8
2019-01-09,LREN3,42.6
2019-01-09,MRVE3,13.59
2019-01-09,MULT3,24.37
2019-01-09,NATU3,45.27
2019-01-09,PETR4,25.48
2019-01-09,RENT3,30.2
2019-01-09,SANB11,47.0
2019-01-09,SBSP3,37.6
2019-01-09,SMLS3,41.6
2019-01-09,SUZB3,38.37
2019-01-09,UGPA3,52.12
2019-01-09,USIM5,10.09
2019-01-09,VVAR3,4.01
